  CREATE TABLE "COUPON" 
   (	"COUPON_ID" VARCHAR2(25 BYTE), 
	"VILLA_ID" VARCHAR2(25 BYTE), 
	"COUPON_DISCOUNT" NUMBER, 
	"COUPON_START_DATE" DATE, 
	"COUPON_END_DATE" DATE
   );

  CREATE TABLE "FEATURES" 
   (	"FEATURE_ID" VARCHAR2(20 BYTE), 
	"FEATURE_NAME" VARCHAR2(20 BYTE)
   );

  CREATE TABLE "MANAGER" 
   (	"MANAGER_ID" VARCHAR2(25 BYTE), 
	"MANAGED_BY" VARCHAR2(25 BYTE)
   );

  CREATE TABLE "OWNER" 
   (	"OWNER_ID" VARCHAR2(45 BYTE), 
	"OWNER_PHONE" VARCHAR2(25 BYTE), 
	"MANAGED_BY" VARCHAR2(20 BYTE)
   );

  CREATE TABLE "RESERVATION" 
   (	"RESERVATION_ID" VARCHAR2(25 BYTE), 
	"USER_ID" VARCHAR2(25 BYTE), 
	"VILLA_ID" VARCHAR2(25 BYTE), 
	"RESERVATION_START_DATE" DATE, 
	"RESERVATION_END_DATE" DATE, 
	"COUPON_ID" VARCHAR2(25 BYTE), 
	"RESERVATION_DEPOSIT" NUMBER
   );

  CREATE TABLE "REVIEW" 
   (	"REVIEW_ID" VARCHAR2(25 BYTE), 
	"USER_ID" VARCHAR2(25 BYTE), 
	"VILLA_ID" VARCHAR2(25 BYTE), 
	"REVIEW" VARCHAR2(100 BYTE), 
	"RATING" NUMBER
   );

  CREATE TABLE "REVIEW_DETAILS" 
   (	"REVIEW_ID" VARCHAR2(25 BYTE), 
	"USER_ID" VARCHAR2(25 BYTE)
   );

  CREATE TABLE "USER_ITEM" 
   (	"USER_ID" VARCHAR2(45 BYTE), 
	"USER_FIRST_NAME" VARCHAR2(45 BYTE), 
	"USER_LAST_NAME" VARCHAR2(45 BYTE), 
	"USER_EMAIL" VARCHAR2(40 BYTE), 
	"USER_DOB" DATE, 
	"USER_FAV_VILLAS" VARCHAR2(100 BYTE)
   );

  CREATE TABLE "VILLA" 
   (	"VILLA_ID" VARCHAR2(25 BYTE), 
	"VILLA_NAME" VARCHAR2(45 BYTE), 
	"VILLA_CONSTRUCTION_YEAR" NUMBER, 
	"VILLA_PICTURE" BLOB, 
	"OWNER_ID" VARCHAR2(25 BYTE), 
	"FEATURES" VARCHAR2(100 BYTE)
   );

  CREATE TABLE "VILLA_INSPECTION" 
   (	"INSPECTION_ID" VARCHAR2(25 BYTE), 
	"VILLA_ID" VARCHAR2(25 BYTE), 
	"MANAGER_ID" VARCHAR2(25 BYTE), 
	"INSPECTION_DATE" DATE, 
	"INSPECTION_COMMENTS" VARCHAR2(100 BYTE)
   );

  CREATE TABLE "VILLA_RATE" 
   (	"RATE_ID" VARCHAR2(25 BYTE), 
	"VILLA_ID" VARCHAR2(25 BYTE), 
	"RATE_START_DATE" DATE, 
	"RATE_END_DATE" DATE, 
	"RATE" NUMBER
   ) ;
   
   

Insert into COUPON (COUPON_ID,VILLA_ID,COUPON_DISCOUNT,COUPON_START_DATE,COUPON_END_DATE) values ('Coup1','Vil1',20,to_date('01-SEP-13','DD-MON-RR'),to_date('31-JAN-14','DD-MON-RR'));
Insert into COUPON (COUPON_ID,VILLA_ID,COUPON_DISCOUNT,COUPON_START_DATE,COUPON_END_DATE) values ('Coup2','Vil2',15,to_date('01-SEP-13','DD-MON-RR'),to_date('31-DEC-13','DD-MON-RR'));
Insert into COUPON (COUPON_ID,VILLA_ID,COUPON_DISCOUNT,COUPON_START_DATE,COUPON_END_DATE) values ('Coup3','Vil3',25,to_date('01-SEP-13','DD-MON-RR'),to_date('31-DEC-13','DD-MON-RR'));
Insert into COUPON (COUPON_ID,VILLA_ID,COUPON_DISCOUNT,COUPON_START_DATE,COUPON_END_DATE) values ('Coup4','Vil4',10,to_date('01-SEP-13','DD-MON-RR'),to_date('31-DEC-13','DD-MON-RR'));
Insert into COUPON (COUPON_ID,VILLA_ID,COUPON_DISCOUNT,COUPON_START_DATE,COUPON_END_DATE) values ('Coup5','Vil1',15,to_date('01-JAN-14','DD-MON-RR'),to_date('31-AUG-14','DD-MON-RR'));


Insert into FEATURES (FEATURE_ID,FEATURE_NAME) values ('Fea1','swimming pool');
Insert into FEATURES (FEATURE_ID,FEATURE_NAME) values ('Fea2','Jacuzzi');
Insert into FEATURES (FEATURE_ID,FEATURE_NAME) values ('Fea3','billiard table');
Insert into FEATURES (FEATURE_ID,FEATURE_NAME) values ('Fea4','Xbox 360');
Insert into FEATURES (FEATURE_ID,FEATURE_NAME) values ('Fea5','board games');
Insert into FEATURES (FEATURE_ID,FEATURE_NAME) values ('Fea6','pets allowed');


Insert into MANAGER (MANAGER_ID,MANAGED_BY) values ('U14','null');
Insert into MANAGER (MANAGER_ID,MANAGED_BY) values ('U15','U14');


Insert into OWNER (OWNER_ID,OWNER_PHONE,MANAGED_BY) values ('U11','111-111-1111','U15');
Insert into OWNER (OWNER_ID,OWNER_PHONE,MANAGED_BY) values ('U12','222-222-2222','U15');
Insert into OWNER (OWNER_ID,OWNER_PHONE,MANAGED_BY) values ('U13','333-333-3333','U15');
Insert into OWNER (OWNER_ID,OWNER_PHONE,MANAGED_BY) values ('U14','444-444-4444',null);


Insert into RESERVATION (RESERVATION_ID,USER_ID,VILLA_ID,RESERVATION_START_DATE,RESERVATION_END_DATE,COUPON_ID,RESERVATION_DEPOSIT) values ('Res1','U1','Vil1',to_date('02-JAN-13','DD-MON-RR'),to_date('04-JAN-13','DD-MON-RR'),null,50);
Insert into RESERVATION (RESERVATION_ID,USER_ID,VILLA_ID,RESERVATION_START_DATE,RESERVATION_END_DATE,COUPON_ID,RESERVATION_DEPOSIT) values ('Res2','U7','Vil2',to_date('05-JAN-13','DD-MON-RR'),to_date('06-JAN-13','DD-MON-RR'),null,30);
Insert into RESERVATION (RESERVATION_ID,USER_ID,VILLA_ID,RESERVATION_START_DATE,RESERVATION_END_DATE,COUPON_ID,RESERVATION_DEPOSIT) values ('Res3','U2','Vil3',to_date('03-FEB-13','DD-MON-RR'),to_date('07-FEB-13','DD-MON-RR'),null,60);
Insert into RESERVATION (RESERVATION_ID,USER_ID,VILLA_ID,RESERVATION_START_DATE,RESERVATION_END_DATE,COUPON_ID,RESERVATION_DEPOSIT) values ('Res4','U4','Vil4',to_date('04-FEB-13','DD-MON-RR'),to_date('05-FEB-13','DD-MON-RR'),null,39);
Insert into RESERVATION (RESERVATION_ID,USER_ID,VILLA_ID,RESERVATION_START_DATE,RESERVATION_END_DATE,COUPON_ID,RESERVATION_DEPOSIT) values ('Res5','U4','Vil5',to_date('06-MAR-13','DD-MON-RR'),to_date('12-MAR-13','DD-MON-RR'),null,40);
Insert into RESERVATION (RESERVATION_ID,USER_ID,VILLA_ID,RESERVATION_START_DATE,RESERVATION_END_DATE,COUPON_ID,RESERVATION_DEPOSIT) values ('Res6','U4','Vil6',to_date('23-APR-13','DD-MON-RR'),to_date('25-APR-13','DD-MON-RR'),null,42);
Insert into RESERVATION (RESERVATION_ID,USER_ID,VILLA_ID,RESERVATION_START_DATE,RESERVATION_END_DATE,COUPON_ID,RESERVATION_DEPOSIT) values ('Res7','U6','Vil7',to_date('29-MAY-13','DD-MON-RR'),to_date('01-JUN-13','DD-MON-RR'),null,60);
Insert into RESERVATION (RESERVATION_ID,USER_ID,VILLA_ID,RESERVATION_START_DATE,RESERVATION_END_DATE,COUPON_ID,RESERVATION_DEPOSIT) values ('Res8','U10','Vil8',to_date('30-JUL-13','DD-MON-RR'),to_date('02-AUG-13','DD-MON-RR'),null,100);
Insert into RESERVATION (RESERVATION_ID,USER_ID,VILLA_ID,RESERVATION_START_DATE,RESERVATION_END_DATE,COUPON_ID,RESERVATION_DEPOSIT) values ('Res9','U3','Vil9',to_date('11-AUG-13','DD-MON-RR'),to_date('12-AUG-13','DD-MON-RR'),null,24);
Insert into RESERVATION (RESERVATION_ID,USER_ID,VILLA_ID,RESERVATION_START_DATE,RESERVATION_END_DATE,COUPON_ID,RESERVATION_DEPOSIT) values ('Res10','U2','Vil10',to_date('19-AUG-13','DD-MON-RR'),to_date('21-AUG-13','DD-MON-RR'),null,75);
Insert into RESERVATION (RESERVATION_ID,USER_ID,VILLA_ID,RESERVATION_START_DATE,RESERVATION_END_DATE,COUPON_ID,RESERVATION_DEPOSIT) values ('Res11','U5','Vil11',to_date('15-AUG-13','DD-MON-RR'),to_date('17-AUG-13','DD-MON-RR'),null,51);
Insert into RESERVATION (RESERVATION_ID,USER_ID,VILLA_ID,RESERVATION_START_DATE,RESERVATION_END_DATE,COUPON_ID,RESERVATION_DEPOSIT) values ('Res12','U6','Vil12',to_date('27-AUG-13','DD-MON-RR'),to_date('28-AUG-13','DD-MON-RR'),null,33);
Insert into RESERVATION (RESERVATION_ID,USER_ID,VILLA_ID,RESERVATION_START_DATE,RESERVATION_END_DATE,COUPON_ID,RESERVATION_DEPOSIT) values ('Res13','U2','Vil1',to_date('01-SEP-13','DD-MON-RR'),to_date('03-SEP-13','DD-MON-RR'),null,40);
Insert into RESERVATION (RESERVATION_ID,USER_ID,VILLA_ID,RESERVATION_START_DATE,RESERVATION_END_DATE,COUPON_ID,RESERVATION_DEPOSIT) values ('Res14','U5','Vil2',to_date('02-SEP-13','DD-MON-RR'),to_date('03-SEP-13','DD-MON-RR'),null,25);
Insert into RESERVATION (RESERVATION_ID,USER_ID,VILLA_ID,RESERVATION_START_DATE,RESERVATION_END_DATE,COUPON_ID,RESERVATION_DEPOSIT) values ('Res15','U9','Vil3',to_date('15-SEP-13','DD-MON-RR'),to_date('20-SEP-13','DD-MON-RR'),'Coup3',36);
Insert into RESERVATION (RESERVATION_ID,USER_ID,VILLA_ID,RESERVATION_START_DATE,RESERVATION_END_DATE,COUPON_ID,RESERVATION_DEPOSIT) values ('Res16','U5','Vil4',to_date('01-OCT-13','DD-MON-RR'),to_date('03-OCT-13','DD-MON-RR'),'Coup4',27);
Insert into RESERVATION (RESERVATION_ID,USER_ID,VILLA_ID,RESERVATION_START_DATE,RESERVATION_END_DATE,COUPON_ID,RESERVATION_DEPOSIT) values ('Res17','U4','Vil5',to_date('15-OCT-13','DD-MON-RR'),to_date('16-OCT-13','DD-MON-RR'),null,24);
Insert into RESERVATION (RESERVATION_ID,USER_ID,VILLA_ID,RESERVATION_START_DATE,RESERVATION_END_DATE,COUPON_ID,RESERVATION_DEPOSIT) values ('Res18','U5','Vil6',to_date('02-NOV-13','DD-MON-RR'),to_date('04-NOV-13','DD-MON-RR'),null,30);
Insert into RESERVATION (RESERVATION_ID,USER_ID,VILLA_ID,RESERVATION_START_DATE,RESERVATION_END_DATE,COUPON_ID,RESERVATION_DEPOSIT) values ('Res19','U10','Vil7',to_date('06-NOV-13','DD-MON-RR'),to_date('07-NOV-13','DD-MON-RR'),null,50);
Insert into RESERVATION (RESERVATION_ID,USER_ID,VILLA_ID,RESERVATION_START_DATE,RESERVATION_END_DATE,COUPON_ID,RESERVATION_DEPOSIT) values ('Res20','U9','Vil8',to_date('06-NOV-13','DD-MON-RR'),to_date('10-NOV-13','DD-MON-RR'),null,60);
Insert into RESERVATION (RESERVATION_ID,USER_ID,VILLA_ID,RESERVATION_START_DATE,RESERVATION_END_DATE,COUPON_ID,RESERVATION_DEPOSIT) values ('Res21','U4','Vil9',to_date('10-NOV-13','DD-MON-RR'),to_date('13-NOV-13','DD-MON-RR'),null,15);
Insert into RESERVATION (RESERVATION_ID,USER_ID,VILLA_ID,RESERVATION_START_DATE,RESERVATION_END_DATE,COUPON_ID,RESERVATION_DEPOSIT) values ('Res22','U4','Vil10',to_date('11-NOV-13','DD-MON-RR'),to_date('13-NOV-13','DD-MON-RR'),null,60);
Insert into RESERVATION (RESERVATION_ID,USER_ID,VILLA_ID,RESERVATION_START_DATE,RESERVATION_END_DATE,COUPON_ID,RESERVATION_DEPOSIT) values ('Res23','U6','Vil11',to_date('01-DEC-13','DD-MON-RR'),to_date('04-DEC-13','DD-MON-RR'),null,40);
Insert into RESERVATION (RESERVATION_ID,USER_ID,VILLA_ID,RESERVATION_START_DATE,RESERVATION_END_DATE,COUPON_ID,RESERVATION_DEPOSIT) values ('Res24','U5','Vil12',to_date('23-DEC-13','DD-MON-RR'),to_date('26-DEC-13','DD-MON-RR'),null,30);
Insert into RESERVATION (RESERVATION_ID,USER_ID,VILLA_ID,RESERVATION_START_DATE,RESERVATION_END_DATE,COUPON_ID,RESERVATION_DEPOSIT) values ('Res25','U7','Vil1',to_date('12-JAN-14','DD-MON-RR'),to_date('15-JAN-14','DD-MON-RR'),'Coup1',48);
Insert into RESERVATION (RESERVATION_ID,USER_ID,VILLA_ID,RESERVATION_START_DATE,RESERVATION_END_DATE,COUPON_ID,RESERVATION_DEPOSIT) values ('Res26','U9','Vil2',to_date('06-JAN-14','DD-MON-RR'),to_date('07-JAN-14','DD-MON-RR'),'Coup2',34);
Insert into RESERVATION (RESERVATION_ID,USER_ID,VILLA_ID,RESERVATION_START_DATE,RESERVATION_END_DATE,COUPON_ID,RESERVATION_DEPOSIT) values ('Res27','U6','Vil2',to_date('05-FEB-14','DD-MON-RR'),to_date('09-FEB-14','DD-MON-RR'),null,40);
Insert into RESERVATION (RESERVATION_ID,USER_ID,VILLA_ID,RESERVATION_START_DATE,RESERVATION_END_DATE,COUPON_ID,RESERVATION_DEPOSIT) values ('Res28','U5','Vil5',to_date('09-FEB-14','DD-MON-RR'),to_date('15-FEB-14','DD-MON-RR'),null,50);
Insert into RESERVATION (RESERVATION_ID,USER_ID,VILLA_ID,RESERVATION_START_DATE,RESERVATION_END_DATE,COUPON_ID,RESERVATION_DEPOSIT) values ('Res29','U4','Vil8',to_date('18-MAR-14','DD-MON-RR'),to_date('19-MAR-14','DD-MON-RR'),null,120);
Insert into RESERVATION (RESERVATION_ID,USER_ID,VILLA_ID,RESERVATION_START_DATE,RESERVATION_END_DATE,COUPON_ID,RESERVATION_DEPOSIT) values ('Res30','U2','Vil4',to_date('27-APR-14','DD-MON-RR'),to_date('30-APR-14','DD-MON-RR'),null,50);
Insert into RESERVATION (RESERVATION_ID,USER_ID,VILLA_ID,RESERVATION_START_DATE,RESERVATION_END_DATE,COUPON_ID,RESERVATION_DEPOSIT) values ('Res31','U4','Vil10',to_date('29-MAY-14','DD-MON-RR'),to_date('01-JUN-14','DD-MON-RR'),null,96);
Insert into RESERVATION (RESERVATION_ID,USER_ID,VILLA_ID,RESERVATION_START_DATE,RESERVATION_END_DATE,COUPON_ID,RESERVATION_DEPOSIT) values ('Res32','U9','Vil12',to_date('28-JUL-14','DD-MON-RR'),to_date('02-AUG-14','DD-MON-RR'),null,42);
Insert into RESERVATION (RESERVATION_ID,USER_ID,VILLA_ID,RESERVATION_START_DATE,RESERVATION_END_DATE,COUPON_ID,RESERVATION_DEPOSIT) values ('Res33','U9','Vil7',to_date('11-AUG-14','DD-MON-RR'),to_date('12-AUG-14','DD-MON-RR'),null,75);
Insert into RESERVATION (RESERVATION_ID,USER_ID,VILLA_ID,RESERVATION_START_DATE,RESERVATION_END_DATE,COUPON_ID,RESERVATION_DEPOSIT) values ('Res34','U7','Vil4',to_date('15-AUG-14','DD-MON-RR'),to_date('21-AUG-14','DD-MON-RR'),null,50);
Insert into RESERVATION (RESERVATION_ID,USER_ID,VILLA_ID,RESERVATION_START_DATE,RESERVATION_END_DATE,COUPON_ID,RESERVATION_DEPOSIT) values ('Res35','U8','Vil8',to_date('13-AUG-14','DD-MON-RR'),to_date('17-AUG-14','DD-MON-RR'),null,120);
Insert into RESERVATION (RESERVATION_ID,USER_ID,VILLA_ID,RESERVATION_START_DATE,RESERVATION_END_DATE,COUPON_ID,RESERVATION_DEPOSIT) values ('Res36','U3','Vil2',to_date('27-AUG-14','DD-MON-RR'),to_date('28-AUG-14','DD-MON-RR'),null,40);
Insert into RESERVATION (RESERVATION_ID,USER_ID,VILLA_ID,RESERVATION_START_DATE,RESERVATION_END_DATE,COUPON_ID,RESERVATION_DEPOSIT) values ('Res37','U2','Vil11',to_date('20-JUN-14','DD-MON-RR'),to_date('23-JUN-14','DD-MON-RR'),null,70);
Insert into RESERVATION (RESERVATION_ID,USER_ID,VILLA_ID,RESERVATION_START_DATE,RESERVATION_END_DATE,COUPON_ID,RESERVATION_DEPOSIT) values ('Res38','U1','Vil2',to_date('28-AUG-14','DD-MON-RR'),to_date('30-AUG-14','DD-MON-RR'),null,40);
Insert into RESERVATION (RESERVATION_ID,USER_ID,VILLA_ID,RESERVATION_START_DATE,RESERVATION_END_DATE,COUPON_ID,RESERVATION_DEPOSIT) values ('Res39','U9','Vil1',to_date('10-APR-14','DD-MON-RR'),to_date('15-APR-14','DD-MON-RR'),null,60);
Insert into RESERVATION (RESERVATION_ID,USER_ID,VILLA_ID,RESERVATION_START_DATE,RESERVATION_END_DATE,COUPON_ID,RESERVATION_DEPOSIT) values ('Res40','U9','Vil7',to_date('05-FEB-14','DD-MON-RR'),to_date('09-FEB-14','DD-MON-RR'),null,75);
Insert into RESERVATION (RESERVATION_ID,USER_ID,VILLA_ID,RESERVATION_START_DATE,RESERVATION_END_DATE,COUPON_ID,RESERVATION_DEPOSIT) values ('Res41','U8','Vil7',to_date('09-FEB-14','DD-MON-RR'),to_date('15-FEB-14','DD-MON-RR'),null,75);
Insert into RESERVATION (RESERVATION_ID,USER_ID,VILLA_ID,RESERVATION_START_DATE,RESERVATION_END_DATE,COUPON_ID,RESERVATION_DEPOSIT) values ('Res42','U5','Vil7',to_date('18-MAR-14','DD-MON-RR'),to_date('19-MAR-14','DD-MON-RR'),null,75);
Insert into RESERVATION (RESERVATION_ID,USER_ID,VILLA_ID,RESERVATION_START_DATE,RESERVATION_END_DATE,COUPON_ID,RESERVATION_DEPOSIT) values ('Res43','U6','Vil1',to_date('12-MAY-14','DD-MON-RR'),to_date('13-MAY-14','DD-MON-RR'),'Coup5',51);


Insert into REVIEW (REVIEW_ID,USER_ID,VILLA_ID,REVIEW,RATING) values ('Rev1','U1','Vil1','Poor maintainance considering the price.',2);
Insert into REVIEW (REVIEW_ID,USER_ID,VILLA_ID,REVIEW,RATING) values ('Rev2','U2','Vil3','Boring and Dull',1);
Insert into REVIEW (REVIEW_ID,USER_ID,VILLA_ID,REVIEW,RATING) values ('Rev3','U4','Vil6','Love it!',4);
Insert into REVIEW (REVIEW_ID,USER_ID,VILLA_ID,REVIEW,RATING) values ('Rev4','U2','Vil1','Best vila error',2);
Insert into REVIEW (REVIEW_ID,USER_ID,VILLA_ID,REVIEW,RATING) values ('Rev5','U7','Vil1','Though not clean, has fantastic scenery around it',3);
Insert into REVIEW (REVIEW_ID,USER_ID,VILLA_ID,REVIEW,RATING) values ('Rev6','U5','Vil2','not recommended',1);
Insert into REVIEW (REVIEW_ID,USER_ID,VILLA_ID,REVIEW,RATING) values ('Rev7','U6','Vil1','Good one',4);
Insert into REVIEW (REVIEW_ID,USER_ID,VILLA_ID,REVIEW,RATING) values ('Rev8','U4','Vil4','I gonna rent again and again',5);
Insert into REVIEW (REVIEW_ID,USER_ID,VILLA_ID,REVIEW,RATING) values ('Rev9','U9','Vil3','Good work',5);
Insert into REVIEW (REVIEW_ID,USER_ID,VILLA_ID,REVIEW,RATING) values ('Rev10','U3','Vil9','A must visit villa',5);
Insert into REVIEW (REVIEW_ID,USER_ID,VILLA_ID,REVIEW,RATING) values ('Rev11','U10','Vil8','Nice',1);
Insert into REVIEW (REVIEW_ID,USER_ID,VILLA_ID,REVIEW,RATING) values ('Rev13','U6','Vil7','poor one',1);
Insert into REVIEW (REVIEW_ID,USER_ID,VILLA_ID,REVIEW,RATING) values ('Rev14','U1','Vil7','popular one',4);
Insert into REVIEW (REVIEW_ID,USER_ID,VILLA_ID,REVIEW,RATING) values ('Rev15','U7','Vil3','wanna go back!',5);


Insert into REVIEW_DETAILS (REVIEW_ID,USER_ID) values ('Rev1','U2');
Insert into REVIEW_DETAILS (REVIEW_ID,USER_ID) values ('Rev1','U3');
Insert into REVIEW_DETAILS (REVIEW_ID,USER_ID) values ('Rev1','U4');
Insert into REVIEW_DETAILS (REVIEW_ID,USER_ID) values ('Rev2','U4');
Insert into REVIEW_DETAILS (REVIEW_ID,USER_ID) values ('Rev2','U7');
Insert into REVIEW_DETAILS (REVIEW_ID,USER_ID) values ('Rev3','U8');
Insert into REVIEW_DETAILS (REVIEW_ID,USER_ID) values ('Rev4','U9');
Insert into REVIEW_DETAILS (REVIEW_ID,USER_ID) values ('Rev5','U2');
Insert into REVIEW_DETAILS (REVIEW_ID,USER_ID) values ('Rev5','U4');
Insert into REVIEW_DETAILS (REVIEW_ID,USER_ID) values ('Rev14','U2');
Insert into REVIEW_DETAILS (REVIEW_ID,USER_ID) values ('Rev14','U4');
Insert into REVIEW_DETAILS (REVIEW_ID,USER_ID) values ('Rev14','U6');
Insert into REVIEW_DETAILS (REVIEW_ID,USER_ID) values ('Rev15','U3');
Insert into REVIEW_DETAILS (REVIEW_ID,USER_ID) values ('Rev15','U6');
Insert into REVIEW_DETAILS (REVIEW_ID,USER_ID) values ('Rev15','U7');


Insert into USER_ITEM (USER_ID,USER_FIRST_NAME,USER_LAST_NAME,USER_EMAIL,USER_DOB,USER_FAV_VILLAS) values ('U1','Jackie','Jones','jack_killer@gmail.com',to_date('28-FEB-83','DD-MON-RR'),'Vil2,Vil4');
Insert into USER_ITEM (USER_ID,USER_FIRST_NAME,USER_LAST_NAME,USER_EMAIL,USER_DOB,USER_FAV_VILLAS) values ('U2','Jessie','Jackson','Hello_macy@yahoo.com',to_date('04-MAR-86','DD-MON-RR'),'Vil8');
Insert into USER_ITEM (USER_ID,USER_FIRST_NAME,USER_LAST_NAME,USER_EMAIL,USER_DOB,USER_FAV_VILLAS) values ('U3','Tommy','Trojan','john_black@hotmail.com',to_date('22-APR-90','DD-MON-RR'),'Vil10,Vil3,Vil7');
Insert into USER_ITEM (USER_ID,USER_FIRST_NAME,USER_LAST_NAME,USER_EMAIL,USER_DOB,USER_FAV_VILLAS) values ('U4','Niki','Nanjan','ny_robert@usc.edu',to_date('10-JUN-80','DD-MON-RR'),'Vil10,Vil4');
Insert into USER_ITEM (USER_ID,USER_FIRST_NAME,USER_LAST_NAME,USER_EMAIL,USER_DOB,USER_FAV_VILLAS) values ('U5','Jalli','Shadan','cool_andrew@bbc.co.uk',to_date('27-NOV-84','DD-MON-RR'),'Vil1');
Insert into USER_ITEM (USER_ID,USER_FIRST_NAME,USER_LAST_NAME,USER_EMAIL,USER_DOB,USER_FAV_VILLAS) values ('U6','Houtan','Khandan','coryphillip@voa.gov',to_date('06-JUN-66','DD-MON-RR'),'Vil3');
Insert into USER_ITEM (USER_ID,USER_FIRST_NAME,USER_LAST_NAME,USER_EMAIL,USER_DOB,USER_FAV_VILLAS) values ('U7','Naz','Nazi','DaneilJ@msnbc.com',to_date('20-APR-00','DD-MON-RR'),'Vil2,Vil4,Vil12');
Insert into USER_ITEM (USER_ID,USER_FIRST_NAME,USER_LAST_NAME,USER_EMAIL,USER_DOB,USER_FAV_VILLAS) values ('U8','Ab','Bazi','rohanau@cs.mit.edu',to_date('12-DEC-56','DD-MON-RR'),'Vil1,Vil9');
Insert into USER_ITEM (USER_ID,USER_FIRST_NAME,USER_LAST_NAME,USER_EMAIL,USER_DOB,USER_FAV_VILLAS) values ('U9','Ben','Ghazi','edmorales@houti.com',to_date('10-NOV-73','DD-MON-RR'),'Vil6');
Insert into USER_ITEM (USER_ID,USER_FIRST_NAME,USER_LAST_NAME,USER_EMAIL,USER_DOB,USER_FAV_VILLAS) values ('U10','Carlos','Santana','danamoon@louti.com',to_date('07-JUL-77','DD-MON-RR'),'Vil11,Vil12');
Insert into USER_ITEM (USER_ID,USER_FIRST_NAME,USER_LAST_NAME,USER_EMAIL,USER_DOB,USER_FAV_VILLAS) values ('U11','Roberto','Carlos','owner1@villa.com',to_date('05-MAY-55','DD-MON-RR'),null);
Insert into USER_ITEM (USER_ID,USER_FIRST_NAME,USER_LAST_NAME,USER_EMAIL,USER_DOB,USER_FAV_VILLAS) values ('U12','De','Vilardo','owner2@villa.com',to_date('04-APR-44','DD-MON-RR'),null);
Insert into USER_ITEM (USER_ID,USER_FIRST_NAME,USER_LAST_NAME,USER_EMAIL,USER_DOB,USER_FAV_VILLAS) values ('U13','villa','Blanka','owner3@villa.com',to_date('11-NOV-74','DD-MON-RR'),'Vil1');
Insert into USER_ITEM (USER_ID,USER_FIRST_NAME,USER_LAST_NAME,USER_EMAIL,USER_DOB,USER_FAV_VILLAS) values ('U14','nino','bino','ceo@villa.com',to_date('01-JAN-91','DD-MON-RR'),'Vil2');
Insert into USER_ITEM (USER_ID,USER_FIRST_NAME,USER_LAST_NAME,USER_EMAIL,USER_DOB,USER_FAV_VILLAS) values ('U15','Bookish','Morinio','manager2@villa.com',to_date('17-APR-50','DD-MON-RR'),null);


Insert into VILLA (VILLA_ID,VILLA_NAME,VILLA_CONSTRUCTION_YEAR,OWNER_ID,FEATURES) values ('Vil1','Fifi',2011,'U11','Fea1,Fea2');
Insert into VILLA (VILLA_ID,VILLA_NAME,VILLA_CONSTRUCTION_YEAR,OWNER_ID,FEATURES) values ('Vil2','Lulu',2013,'U12','Fea1');
Insert into VILLA (VILLA_ID,VILLA_NAME,VILLA_CONSTRUCTION_YEAR,OWNER_ID,FEATURES) values ('Vil3','Penny',2014,'U13','Fea1,Fea4,Fea5');
Insert into VILLA (VILLA_ID,VILLA_NAME,VILLA_CONSTRUCTION_YEAR,OWNER_ID,FEATURES) values ('Vil4','Kiki',1988,'U11','Fea2');
Insert into VILLA (VILLA_ID,VILLA_NAME,VILLA_CONSTRUCTION_YEAR,OWNER_ID,FEATURES) values ('Vil5','Vivi',2011,'U11','Fea4');
Insert into VILLA (VILLA_ID,VILLA_NAME,VILLA_CONSTRUCTION_YEAR,OWNER_ID,FEATURES) values ('Vil6','Gigi',2013,'U11','Fea6');
Insert into VILLA (VILLA_ID,VILLA_NAME,VILLA_CONSTRUCTION_YEAR,OWNER_ID,FEATURES) values ('Vil7','Kitty',2014,'U12','Fea3,Fea4,Fea5,Fea6');
Insert into VILLA (VILLA_ID,VILLA_NAME,VILLA_CONSTRUCTION_YEAR,OWNER_ID,FEATURES) values ('Vil8','Ellie',1999,'U13','Fea6');
Insert into VILLA (VILLA_ID,VILLA_NAME,VILLA_CONSTRUCTION_YEAR,OWNER_ID,FEATURES) values ('Vil9','Ali',2011,'U14','Fea5');
Insert into VILLA (VILLA_ID,VILLA_NAME,VILLA_CONSTRUCTION_YEAR,OWNER_ID,FEATURES) values ('Vil10','Kelley',2013,'U12','Fea5');
Insert into VILLA (VILLA_ID,VILLA_NAME,VILLA_CONSTRUCTION_YEAR,OWNER_ID,FEATURES) values ('Vil11','Dori',2014,'U12','Fea2');
Insert into VILLA (VILLA_ID,VILLA_NAME,VILLA_CONSTRUCTION_YEAR,OWNER_ID,FEATURES) values ('Vil12','Houti',2001,'U13','Fea2');


Insert into VILLA_INSPECTION (INSPECTION_ID,VILLA_ID,MANAGER_ID,INSPECTION_DATE,INSPECTION_COMMENTS) values ('INS1','Vil3','U15',to_date('09-OCT-14','DD-MON-RR'),'Cleanly miantained');


Insert into VILLA_RATE (RATE_ID,VILLA_ID,RATE_START_DATE,RATE_END_DATE,RATE) values ('Rat1','Vil1',to_date('01-JAN-13','DD-MON-RR'),to_date('31-AUG-13','DD-MON-RR'),150);
Insert into VILLA_RATE (RATE_ID,VILLA_ID,RATE_START_DATE,RATE_END_DATE,RATE) values ('Rat2','Vil2',to_date('01-JAN-13','DD-MON-RR'),to_date('31-AUG-13','DD-MON-RR'),100);
Insert into VILLA_RATE (RATE_ID,VILLA_ID,RATE_START_DATE,RATE_END_DATE,RATE) values ('Rat3','Vil3',to_date('01-JAN-13','DD-MON-RR'),to_date('31-AUG-13','DD-MON-RR'),200);
Insert into VILLA_RATE (RATE_ID,VILLA_ID,RATE_START_DATE,RATE_END_DATE,RATE) values ('Rat4','Vil4',to_date('01-JAN-13','DD-MON-RR'),to_date('31-AUG-13','DD-MON-RR'),130);
Insert into VILLA_RATE (RATE_ID,VILLA_ID,RATE_START_DATE,RATE_END_DATE,RATE) values ('Rat5','Vil5',to_date('01-JAN-13','DD-MON-RR'),to_date('31-AUG-13','DD-MON-RR'),120);
Insert into VILLA_RATE (RATE_ID,VILLA_ID,RATE_START_DATE,RATE_END_DATE,RATE) values ('Rat6','Vil6',to_date('01-JAN-13','DD-MON-RR'),to_date('31-AUG-13','DD-MON-RR'),140);
Insert into VILLA_RATE (RATE_ID,VILLA_ID,RATE_START_DATE,RATE_END_DATE,RATE) values ('Rat7','Vil7',to_date('01-JAN-13','DD-MON-RR'),to_date('31-AUG-13','DD-MON-RR'),180);
Insert into VILLA_RATE (RATE_ID,VILLA_ID,RATE_START_DATE,RATE_END_DATE,RATE) values ('Rat8','Vil8',to_date('01-JAN-13','DD-MON-RR'),to_date('31-AUG-13','DD-MON-RR'),300);
Insert into VILLA_RATE (RATE_ID,VILLA_ID,RATE_START_DATE,RATE_END_DATE,RATE) values ('Rat9','Vil9',to_date('01-JAN-13','DD-MON-RR'),to_date('31-AUG-13','DD-MON-RR'),80);
Insert into VILLA_RATE (RATE_ID,VILLA_ID,RATE_START_DATE,RATE_END_DATE,RATE) values ('Rat10','Vil10',to_date('01-JAN-13','DD-MON-RR'),to_date('31-AUG-13','DD-MON-RR'),250);
Insert into VILLA_RATE (RATE_ID,VILLA_ID,RATE_START_DATE,RATE_END_DATE,RATE) values ('Rat11','Vil11',to_date('01-JAN-13','DD-MON-RR'),to_date('31-AUG-13','DD-MON-RR'),170);
Insert into VILLA_RATE (RATE_ID,VILLA_ID,RATE_START_DATE,RATE_END_DATE,RATE) values ('Rat12','Vil12',to_date('01-JAN-13','DD-MON-RR'),to_date('31-AUG-13','DD-MON-RR'),110);
Insert into VILLA_RATE (RATE_ID,VILLA_ID,RATE_START_DATE,RATE_END_DATE,RATE) values ('Rat13','Vil1',to_date('01-SEP-13','DD-MON-RR'),to_date('31-DEC-13','DD-MON-RR'),120);
Insert into VILLA_RATE (RATE_ID,VILLA_ID,RATE_START_DATE,RATE_END_DATE,RATE) values ('Rat14','Vil2',to_date('01-SEP-13','DD-MON-RR'),to_date('31-DEC-13','DD-MON-RR'),75);
Insert into VILLA_RATE (RATE_ID,VILLA_ID,RATE_START_DATE,RATE_END_DATE,RATE) values ('Rat15','Vil3',to_date('01-SEP-13','DD-MON-RR'),to_date('31-DEC-13','DD-MON-RR'),160);
Insert into VILLA_RATE (RATE_ID,VILLA_ID,RATE_START_DATE,RATE_END_DATE,RATE) values ('Rat16','Vil4',to_date('01-SEP-13','DD-MON-RR'),to_date('31-DEC-13','DD-MON-RR'),90);
Insert into VILLA_RATE (RATE_ID,VILLA_ID,RATE_START_DATE,RATE_END_DATE,RATE) values ('Rat17','Vil5',to_date('01-SEP-13','DD-MON-RR'),to_date('31-DEC-13','DD-MON-RR'),80);
Insert into VILLA_RATE (RATE_ID,VILLA_ID,RATE_START_DATE,RATE_END_DATE,RATE) values ('Rat18','Vil6',to_date('01-SEP-13','DD-MON-RR'),to_date('31-DEC-13','DD-MON-RR'),100);
Insert into VILLA_RATE (RATE_ID,VILLA_ID,RATE_START_DATE,RATE_END_DATE,RATE) values ('Rat19','Vil7',to_date('01-SEP-13','DD-MON-RR'),to_date('31-DEC-13','DD-MON-RR'),150);
Insert into VILLA_RATE (RATE_ID,VILLA_ID,RATE_START_DATE,RATE_END_DATE,RATE) values ('Rat20','Vil8',to_date('01-SEP-13','DD-MON-RR'),to_date('31-DEC-13','DD-MON-RR'),200);
Insert into VILLA_RATE (RATE_ID,VILLA_ID,RATE_START_DATE,RATE_END_DATE,RATE) values ('Rat21','Vil9',to_date('01-SEP-13','DD-MON-RR'),to_date('31-DEC-13','DD-MON-RR'),50);
Insert into VILLA_RATE (RATE_ID,VILLA_ID,RATE_START_DATE,RATE_END_DATE,RATE) values ('Rat22','Vil10',to_date('01-SEP-13','DD-MON-RR'),to_date('31-DEC-13','DD-MON-RR'),200);
Insert into VILLA_RATE (RATE_ID,VILLA_ID,RATE_START_DATE,RATE_END_DATE,RATE) values ('Rat23','Vil11',to_date('01-SEP-13','DD-MON-RR'),to_date('31-DEC-13','DD-MON-RR'),120);
Insert into VILLA_RATE (RATE_ID,VILLA_ID,RATE_START_DATE,RATE_END_DATE,RATE) values ('Rat24','Vil12',to_date('01-SEP-13','DD-MON-RR'),to_date('31-DEC-13','DD-MON-RR'),90);
Insert into VILLA_RATE (RATE_ID,VILLA_ID,RATE_START_DATE,RATE_END_DATE,RATE) values ('Rat25','Vil1',to_date('01-JAN-14','DD-MON-RR'),to_date('31-AUG-14','DD-MON-RR'),180);
Insert into VILLA_RATE (RATE_ID,VILLA_ID,RATE_START_DATE,RATE_END_DATE,RATE) values ('Rat26','Vil2',to_date('01-JAN-14','DD-MON-RR'),to_date('31-AUG-14','DD-MON-RR'),120);
Insert into VILLA_RATE (RATE_ID,VILLA_ID,RATE_START_DATE,RATE_END_DATE,RATE) values ('Rat27','Vil3',to_date('01-JAN-14','DD-MON-RR'),to_date('31-AUG-14','DD-MON-RR'),240);
Insert into VILLA_RATE (RATE_ID,VILLA_ID,RATE_START_DATE,RATE_END_DATE,RATE) values ('Rat28','Vil4',to_date('01-JAN-14','DD-MON-RR'),to_date('31-AUG-14','DD-MON-RR'),150);
Insert into VILLA_RATE (RATE_ID,VILLA_ID,RATE_START_DATE,RATE_END_DATE,RATE) values ('Rat29','Vil5',to_date('01-JAN-14','DD-MON-RR'),to_date('31-AUG-14','DD-MON-RR'),150);
Insert into VILLA_RATE (RATE_ID,VILLA_ID,RATE_START_DATE,RATE_END_DATE,RATE) values ('Rat30','Vil6',to_date('01-JAN-14','DD-MON-RR'),to_date('31-AUG-14','DD-MON-RR'),180);
Insert into VILLA_RATE (RATE_ID,VILLA_ID,RATE_START_DATE,RATE_END_DATE,RATE) values ('Rat31','Vil7',to_date('01-JAN-14','DD-MON-RR'),to_date('31-AUG-14','DD-MON-RR'),250);
Insert into VILLA_RATE (RATE_ID,VILLA_ID,RATE_START_DATE,RATE_END_DATE,RATE) values ('Rat32','Vil8',to_date('01-JAN-14','DD-MON-RR'),to_date('31-AUG-14','DD-MON-RR'),400);
Insert into VILLA_RATE (RATE_ID,VILLA_ID,RATE_START_DATE,RATE_END_DATE,RATE) values ('Rat33','Vil9',to_date('01-JAN-14','DD-MON-RR'),to_date('31-AUG-14','DD-MON-RR'),110);
Insert into VILLA_RATE (RATE_ID,VILLA_ID,RATE_START_DATE,RATE_END_DATE,RATE) values ('Rat34','Vil10',to_date('01-JAN-14','DD-MON-RR'),to_date('31-AUG-14','DD-MON-RR'),320);
Insert into VILLA_RATE (RATE_ID,VILLA_ID,RATE_START_DATE,RATE_END_DATE,RATE) values ('Rat35','Vil11',to_date('01-JAN-14','DD-MON-RR'),to_date('31-AUG-14','DD-MON-RR'),210);
Insert into VILLA_RATE (RATE_ID,VILLA_ID,RATE_START_DATE,RATE_END_DATE,RATE) values ('Rat36','Vil12',to_date('01-JAN-14','DD-MON-RR'),to_date('31-AUG-14','DD-MON-RR'),140);

  ALTER TABLE "OWNER" ADD CONSTRAINT "OWNER_PK" PRIMARY KEY ("OWNER_ID") ENABLE;
  ALTER TABLE "OWNER" MODIFY ("OWNER_PHONE" NOT NULL ENABLE);
  ALTER TABLE "OWNER" MODIFY ("OWNER_ID" NOT NULL ENABLE);

  ALTER TABLE "REVIEW_DETAILS" MODIFY ("USER_ID" NOT NULL ENABLE);
  ALTER TABLE "REVIEW_DETAILS" MODIFY ("REVIEW_ID" NOT NULL ENABLE);

  ALTER TABLE "MANAGER" ADD CONSTRAINT "MANAGER_PK" PRIMARY KEY ("MANAGER_ID") ENABLE;
  ALTER TABLE "MANAGER" MODIFY ("MANAGER_ID" NOT NULL ENABLE);

  ALTER TABLE "VILLA" MODIFY ("FEATURES" NOT NULL ENABLE);
  ALTER TABLE "VILLA" ADD CONSTRAINT "VILLA_PK" PRIMARY KEY ("VILLA_ID") ENABLE;
  ALTER TABLE "VILLA" MODIFY ("OWNER_ID" NOT NULL ENABLE);
  ALTER TABLE "VILLA" MODIFY ("VILLA_CONSTRUCTION_YEAR" NOT NULL ENABLE);
  ALTER TABLE "VILLA" MODIFY ("VILLA_NAME" NOT NULL ENABLE);
  ALTER TABLE "VILLA" MODIFY ("VILLA_ID" NOT NULL ENABLE);

  ALTER TABLE "COUPON" ADD CONSTRAINT "COUPON_PK" PRIMARY KEY ("COUPON_ID") ENABLE;
  ALTER TABLE "COUPON" MODIFY ("COUPON_END_DATE" NOT NULL ENABLE);
  ALTER TABLE "COUPON" MODIFY ("COUPON_START_DATE" NOT NULL ENABLE);
  ALTER TABLE "COUPON" MODIFY ("COUPON_DISCOUNT" NOT NULL ENABLE);
  ALTER TABLE "COUPON" MODIFY ("VILLA_ID" NOT NULL ENABLE);
  ALTER TABLE "COUPON" MODIFY ("COUPON_ID" NOT NULL ENABLE);

  ALTER TABLE "REVIEW" ADD CONSTRAINT "REVIEW_PK" PRIMARY KEY ("REVIEW_ID") ENABLE;
  ALTER TABLE "REVIEW" MODIFY ("RATING" NOT NULL ENABLE);
  ALTER TABLE "REVIEW" MODIFY ("REVIEW" NOT NULL ENABLE);
  ALTER TABLE "REVIEW" MODIFY ("VILLA_ID" NOT NULL ENABLE);
  ALTER TABLE "REVIEW" MODIFY ("USER_ID" NOT NULL ENABLE);
  ALTER TABLE "REVIEW" MODIFY ("REVIEW_ID" NOT NULL ENABLE);

  ALTER TABLE "RESERVATION" ADD CONSTRAINT "RESERVATION_PK" PRIMARY KEY ("RESERVATION_ID") ENABLE;
  ALTER TABLE "RESERVATION" MODIFY ("RESERVATION_DEPOSIT" NOT NULL ENABLE);
  ALTER TABLE "RESERVATION" MODIFY ("RESERVATION_END_DATE" NOT NULL ENABLE);
  ALTER TABLE "RESERVATION" MODIFY ("RESERVATION_START_DATE" NOT NULL ENABLE);
  ALTER TABLE "RESERVATION" MODIFY ("VILLA_ID" NOT NULL ENABLE);
  ALTER TABLE "RESERVATION" MODIFY ("USER_ID" NOT NULL ENABLE);
  ALTER TABLE "RESERVATION" MODIFY ("RESERVATION_ID" NOT NULL ENABLE);

  ALTER TABLE "USER_ITEM" ADD CONSTRAINT "USER_ITEM_PK" PRIMARY KEY ("USER_ID") ENABLE;
  ALTER TABLE "USER_ITEM" MODIFY ("USER_DOB" NOT NULL ENABLE);
  ALTER TABLE "USER_ITEM" MODIFY ("USER_EMAIL" NOT NULL ENABLE);
  ALTER TABLE "USER_ITEM" MODIFY ("USER_LAST_NAME" NOT NULL ENABLE);
  ALTER TABLE "USER_ITEM" MODIFY ("USER_FIRST_NAME" NOT NULL ENABLE);
  ALTER TABLE "USER_ITEM" MODIFY ("USER_ID" NOT NULL ENABLE);

  ALTER TABLE "FEATURES" ADD CONSTRAINT "FEATURES_PK" PRIMARY KEY ("FEATURE_ID") ENABLE;
  ALTER TABLE "FEATURES" MODIFY ("FEATURE_NAME" NOT NULL ENABLE);
  ALTER TABLE "FEATURES" MODIFY ("FEATURE_ID" NOT NULL ENABLE);

  ALTER TABLE "VILLA_INSPECTION" ADD CONSTRAINT "VILLA_INSPECTION_PK" PRIMARY KEY ("INSPECTION_ID") ENABLE;
  ALTER TABLE "VILLA_INSPECTION" MODIFY ("INSPECTION_COMMENTS" NOT NULL ENABLE);
  ALTER TABLE "VILLA_INSPECTION" MODIFY ("INSPECTION_DATE" NOT NULL ENABLE);
  ALTER TABLE "VILLA_INSPECTION" MODIFY ("MANAGER_ID" NOT NULL ENABLE);
  ALTER TABLE "VILLA_INSPECTION" MODIFY ("VILLA_ID" NOT NULL ENABLE);
  ALTER TABLE "VILLA_INSPECTION" MODIFY ("INSPECTION_ID" NOT NULL ENABLE);

  ALTER TABLE "VILLA_RATE" ADD CONSTRAINT "VILLA_PRICE_PK" PRIMARY KEY ("RATE_ID") ENABLE;
  ALTER TABLE "VILLA_RATE" MODIFY ("RATE" NOT NULL ENABLE);
  ALTER TABLE "VILLA_RATE" MODIFY ("RATE_END_DATE" NOT NULL ENABLE);
  ALTER TABLE "VILLA_RATE" MODIFY ("RATE_START_DATE" NOT NULL ENABLE);
  ALTER TABLE "VILLA_RATE" MODIFY ("VILLA_ID" NOT NULL ENABLE);
  ALTER TABLE "VILLA_RATE" MODIFY ("RATE_ID" NOT NULL ENABLE);

  ALTER TABLE "COUPON" ADD CONSTRAINT "COUPON_FK1" FOREIGN KEY ("VILLA_ID")
	  REFERENCES "VILLA" ("VILLA_ID") ENABLE;

  ALTER TABLE "MANAGER" ADD CONSTRAINT "MANAGER_FK1" FOREIGN KEY ("MANAGER_ID")
	  REFERENCES "USER_ITEM" ("USER_ID") ON DELETE CASCADE ENABLE;

  ALTER TABLE "OWNER" ADD CONSTRAINT "OWNER_FK1" FOREIGN KEY ("OWNER_ID")
	  REFERENCES "USER_ITEM" ("USER_ID") ON DELETE CASCADE ENABLE;
  ALTER TABLE "OWNER" ADD CONSTRAINT "OWNER_FK2" FOREIGN KEY ("MANAGED_BY")
	  REFERENCES "MANAGER" ("MANAGER_ID") ON DELETE CASCADE ENABLE;

  ALTER TABLE "RESERVATION" ADD CONSTRAINT "RESERVATION_FK1" FOREIGN KEY ("USER_ID")
	  REFERENCES "USER_ITEM" ("USER_ID") ENABLE;
  ALTER TABLE "RESERVATION" ADD CONSTRAINT "RESERVATION_FK2" FOREIGN KEY ("VILLA_ID")
	  REFERENCES "VILLA" ("VILLA_ID") ENABLE;
  ALTER TABLE "RESERVATION" ADD CONSTRAINT "RESERVATION_FK3" FOREIGN KEY ("COUPON_ID")
	  REFERENCES "COUPON" ("COUPON_ID") ENABLE;

  ALTER TABLE "REVIEW" ADD CONSTRAINT "REVIEW_FK1" FOREIGN KEY ("USER_ID")
	  REFERENCES "USER_ITEM" ("USER_ID") ENABLE;
  ALTER TABLE "REVIEW" ADD CONSTRAINT "REVIEW_FK2" FOREIGN KEY ("VILLA_ID")
	  REFERENCES "VILLA" ("VILLA_ID") ON DELETE CASCADE ENABLE;

  ALTER TABLE "REVIEW_DETAILS" ADD CONSTRAINT "REVIEW_DETAILS_FK1" FOREIGN KEY ("USER_ID")
	  REFERENCES "USER_ITEM" ("USER_ID") ENABLE;
  ALTER TABLE "REVIEW_DETAILS" ADD CONSTRAINT "REVIEW_DETAILS_FK2" FOREIGN KEY ("REVIEW_ID")
	  REFERENCES "REVIEW" ("REVIEW_ID") ENABLE;

  ALTER TABLE "VILLA" ADD CONSTRAINT "VILLA_FK2" FOREIGN KEY ("OWNER_ID")
	  REFERENCES "OWNER" ("OWNER_ID") ON DELETE CASCADE ENABLE;

  ALTER TABLE "VILLA_INSPECTION" ADD CONSTRAINT "VILLA_INSPECTION_FK1" FOREIGN KEY ("MANAGER_ID")
	  REFERENCES "MANAGER" ("MANAGER_ID") ENABLE;
  ALTER TABLE "VILLA_INSPECTION" ADD CONSTRAINT "VILLA_INSPECTION_FK2" FOREIGN KEY ("VILLA_ID")
	  REFERENCES "VILLA" ("VILLA_ID") ON DELETE CASCADE ENABLE;

  ALTER TABLE "VILLA_RATE" ADD CONSTRAINT "VILLA_RATE_FK1" FOREIGN KEY ("VILLA_ID")
	  REFERENCES "VILLA" ("VILLA_ID") ON DELETE CASCADE ENABLE;
